0;Collision;LEFT player;2;RIGHT player;2;distance 8;(400,164);(401,156)
0;Collision;LEFT player;2;RIGHT player;4;distance 9;(439,165);(432,160)
0;Collision;LEFT player;2;RIGHT player;4;distance 7;(425,164);(432,162)
0;Collision;LEFT player;2;RIGHT player;4;distance 7;(425,164);(432,162)
0;Collision;LEFT player;2;RIGHT player;4;distance 10;(420,154);(430,155)
0;Collision;LEFT player;3;RIGHT player;2;distance 8;(397,172);(404,169)
0;Collision;LEFT player;2;RIGHT player;4;distance 11;(437,163);(430,155)
0;Collision;LEFT player;3;RIGHT player;2;distance 8;(408,168);(409,176)
0;Collision;LEFT player;2;RIGHT player;4;distance 2;(434,155);(432,154)
0;Collision;LEFT player;3;RIGHT player;2;distance 13;(408,168);(401,157)
1;Collision;LEFT player;2;RIGHT player;4;distance 2;(434,155);(432,154)
1;Collision;LEFT player;3;RIGHT player;3;distance 11;(416,178);(425,184)
1;Collision;LEFT player;2;RIGHT player;2;distance 12;(415,149);(403,152)
1;Collision;LEFT player;3;RIGHT player;2;distance 10;(379,167);(385,159)
1;Collision;LEFT player;3;RIGHT player;2;distance 7;(360,164);(366,160)
1;Collision;LEFT player;3;RIGHT player;2;distance 7;(341,163);(347,160)
1;Collision;LEFT player;3;RIGHT player;2;distance 7;(322,163);(328,160)
1;Collision;LEFT player;3;RIGHT player;2;distance 7;(303,163);(309,160)
1;Collision;LEFT player;3;RIGHT player;2;distance 7;(284,163);(290,160)
1;Collision;LEFT player;3;RIGHT player;2;distance 7;(265,163);(271,160)
1;Collision;LEFT player;3;RIGHT player;2;distance 7;(246,163);(252,160)
1;Collision;LEFT player;3;RIGHT player;2;distance 7;(227,163);(233,160)
1;Collision;LEFT player;3;RIGHT player;2;distance 4;(216,158);(214,161)
1;Collision;LEFT player;2;RIGHT player;3;distance 8;(246,158);(243,165)
1;Collision;LEFT player;3;RIGHT player;2;distance 11;(219,165);(216,154)
1;Collision;LEFT player;3;RIGHT player;2;distance 11;(219,165);(216,154)
1;Collision;LEFT player;2;RIGHT player;3;distance 11;(249,165);(242,174)
2;Collision;LEFT player;2;RIGHT player;2;distance 11;(448,161);(438,157)
2;Collision;LEFT player;2;RIGHT player;5;distance 13;(467,160);(459,150)
2;Collision;LEFT player;3;RIGHT player;2;distance 12;(438,158);(439,146)
2;Collision;LEFT player;2;RIGHT player;4;distance 12;(486,159);(498,159)
2;Collision;LEFT player;2;RIGHT player;4;distance 12;(505,158);(517,157)
2;Collision;LEFT player;2;RIGHT player;4;distance 12;(524,156);(536,155)
2;Collision;LEFT player;2;RIGHT player;4;distance 12;(543,155);(555,154)
2;Collision;LEFT player;2;RIGHT player;4;distance 12;(562,154);(574,152)
2;Collision;LEFT player;3;RIGHT player;5;distance 12;(532,155);(544,152)
2;Collision;LEFT player;2;RIGHT player;4;distance 12;(581,152);(593,151)
2;Collision;LEFT player;3;RIGHT player;5;distance 12;(551,154);(563,151)
2;Collision;LEFT player;2;RIGHT player;4;distance 12;(600,150);(612,149)
2;Collision;LEFT player;3;RIGHT player;5;distance 12;(570,153);(582,150)
2;Collision;LEFT player;2;RIGHT player;4;distance 9;(619,144);(612,149)
2;Collision;LEFT player;3;RIGHT player;5;distance 8;(589,150);(583,144)
2;Collision;LEFT player;2;RIGHT player;4;distance 8;(615,136);(613,144)
2;Collision;LEFT player;3;RIGHT player;5;distance 8;(589,150);(583,144)
3;Collision;LEFT player;3;RIGHT player;3;distance 13;(418,140);(431,143)
3;Collision;LEFT player;3;RIGHT player;3;distance 13;(399,140);(412,142)
3;Collision;LEFT player;3;RIGHT player;3;distance 13;(380,140);(393,142)
3;Collision;LEFT player;3;RIGHT player;3;distance 13;(361,140);(374,142)
3;Collision;LEFT player;3;RIGHT player;3;distance 13;(342,140);(355,142)
3;Collision;LEFT player;3;RIGHT player;3;distance 13;(323,140);(336,142)
3;Collision;LEFT player;3;RIGHT player;3;distance 13;(304,140);(317,141)
3;Collision;LEFT player;3;RIGHT player;3;distance 13;(285,140);(298,141)
3;Collision;LEFT player;3;RIGHT player;3;distance 13;(266,140);(279,141)
3;Collision;LEFT player;3;RIGHT player;3;distance 13;(247,140);(260,140)
3;Collision;LEFT player;3;RIGHT player;3;distance 13;(247,140);(260,140)
3;Collision;LEFT player;5;RIGHT player;2;distance 13;(220,128);(232,132)
3;Collision;LEFT player;5;RIGHT player;2;distance 13;(220,128);(232,132)
3;Collision;LEFT player;3;RIGHT player;2;distance 12;(249,134);(248,122)
3;Collision;LEFT player;2;RIGHT player;2;distance 11;(278,130);(267,127)
3;Collision;LEFT player;2;RIGHT player;2;distance 11;(297,131);(286,129)
3;Collision;LEFT player;2;RIGHT player;2;distance 11;(316,132);(305,130)
3;Collision;LEFT player;2;RIGHT player;2;distance 11;(335,132);(324,131)
3;Collision;LEFT player;2;RIGHT player;2;distance 11;(354,132);(343,131)
3;Collision;LEFT player;2;RIGHT player;2;distance 11;(373,132);(362,131)
4;Collision;LEFT player;2;RIGHT player;2;distance 11;(392,132);(381,131)
4;Collision;LEFT player;2;RIGHT player;2;distance 11;(411,132);(400,131)
4;Collision;LEFT player;2;RIGHT player;2;distance 11;(430,132);(419,131)
4;Collision;LEFT player;2;RIGHT player;2;distance 11;(449,132);(438,131)
4;Collision;LEFT player;3;RIGHT player;3;distance 13;(420,137);(415,149)
4;Collision;LEFT player;3;RIGHT player;2;distance 10;(439,137);(449,134)
4;Collision;LEFT player;3;RIGHT player;2;distance 9;(458,137);(466,134)
4;Collision;LEFT player;3;RIGHT player;2;distance 9;(477,137);(485,134)
4;Collision;LEFT player;3;RIGHT player;2;distance 9;(496,137);(504,134)
4;Collision;LEFT player;2;RIGHT player;5;distance 11;(544,132);(555,129)
4;Collision;LEFT player;3;RIGHT player;2;distance 9;(515,137);(523,134)
4;Collision;LEFT player;2;RIGHT player;5;distance 9;(564,132);(555,129)
4;Collision;LEFT player;3;RIGHT player;2;distance 8;(534,136);(527,139)
4;Collision;LEFT player;3;RIGHT player;2;distance 8;(534,136);(527,139)
4;Collision;LEFT player;3;RIGHT player;2;distance 6;(540,145);(544,149)
4;Collision;LEFT player;2;RIGHT player;4;distance 7;(581,121);(588,121)
4;Collision;LEFT player;2;RIGHT player;4;distance 6;(599,113);(605,112)
4;Collision;LEFT player;3;RIGHT player;5;distance 12;(573,127);(576,115)
4;Collision;LEFT player;2;RIGHT player;4;distance 6;(616,104);(622,103)
4;Collision;LEFT player;3;RIGHT player;5;distance 9;(590,118);(593,109)
4;Collision;LEFT player;2;RIGHT player;4;distance 6;(631,92);(636,89)
4;Collision;LEFT player;3;RIGHT player;5;distance 8;(606,107);(609,100)
4;Collision;LEFT player;2;RIGHT player;4;distance 1;(626,73);(627,72)
4;Collision;LEFT player;3;RIGHT player;5;distance 4;(608,97);(606,93)
4;Collision;LEFT player;2;RIGHT player;4;distance 0;(611,61);(611,61)
4;Collision;LEFT player;3;RIGHT player;5;distance 8;(603,89);(611,91)
4;Collision;LEFT player;2;RIGHT player;3;distance 13;(594,51);(582,57)
4;Collision;LEFT player;3;RIGHT player;5;distance 9;(595,80);(604,77)
4;Collision;LEFT player;2;RIGHT player;3;distance 7;(577,42);(570,42)
4;Collision;LEFT player;3;RIGHT player;5;distance 5;(586,70);(590,67)
4;Collision;LEFT player;2;RIGHT player;3;distance 6;(560,33);(554,31)
4;Collision;LEFT player;3;RIGHT player;5;distance 3;(574,59);(574,62)
5;Collision;LEFT player;2;RIGHT player;3;distance 6;(543,24);(538,21)
5;Collision;LEFT player;3;RIGHT player;5;distance 9;(561,47);(558,56)
5;Collision;LEFT player;2;RIGHT player;3;distance 6;(526,15);(521,12)
5;Collision;LEFT player;3;RIGHT player;4;distance 13;(531,28);(531,15)
5;Collision;LEFT player;2;RIGHT player;3;distance 9;(489,26);(484,19)
5;Collision;LEFT player;3;RIGHT player;4;distance 10;(518,24);(513,15)
5;Collision;LEFT player;2;RIGHT player;3;distance 5;(470,25);(465,23)
5;Collision;LEFT player;3;RIGHT player;4;distance 8;(499,24);(494,18)
5;Collision;LEFT player;2;RIGHT player;3;distance 5;(451,30);(446,29)
5;Collision;LEFT player;3;RIGHT player;4;distance 6;(480,26);(475,23)
5;Collision;LEFT player;3;RIGHT player;4;distance 10;(462,31);(472,30)
5;Collision;LEFT player;3;RIGHT player;4;distance 11;(444,31);(455,30)
5;Collision;LEFT player;3;RIGHT player;4;distance 11;(425,30);(436,30)
5;Collision;LEFT player;3;RIGHT player;4;distance 11;(406,28);(417,29)
5;Collision;LEFT player;3;RIGHT player;3;distance 4;(387,26);(383,26)
5;Collision;LEFT player;2;RIGHT player;2;distance 13;(303,28);(296,17)
5;Collision;LEFT player;2;RIGHT player;2;distance 11;(284,25);(277,16)
5;Collision;LEFT player;3;RIGHT player;3;distance 6;(319,22);(324,25)
5;Collision;LEFT player;2;RIGHT player;2;distance 11;(265,24);(257,16)
5;Collision;LEFT player;3;RIGHT player;3;distance 5;(300,22);(305,24)
5;Collision;LEFT player;2;RIGHT player;2;distance 11;(246,24);(238,16)
5;Collision;LEFT player;3;RIGHT player;3;distance 5;(281,22);(286,24)
5;Collision;LEFT player;2;RIGHT player;2;distance 11;(227,24);(219,17)
5;Collision;LEFT player;3;RIGHT player;3;distance 5;(262,22);(267,24)
5;Collision;LEFT player;2;RIGHT player;2;distance 9;(208,24);(200,19)
5;Collision;LEFT player;3;RIGHT player;3;distance 5;(243,22);(248,24)
5;Collision;LEFT player;2;RIGHT player;2;distance 9;(189,25);(181,21)
5;Collision;LEFT player;3;RIGHT player;3;distance 5;(224,23);(229,24)
6;Collision;LEFT player;2;RIGHT player;2;distance 9;(170,24);(162,21)
6;Collision;LEFT player;3;RIGHT player;3;distance 5;(205,23);(210,24)
6;Collision;LEFT player;3;RIGHT player;2;distance 9;(201,14);(195,7)
6;Collision;LEFT player;2;RIGHT player;2;distance 13;(196,23);(206,15)
6;Collision;LEFT player;3;RIGHT player;3;distance 5;(419,65);(424,64)
6;Collision;LEFT player;2;RIGHT player;2;distance 4;(390,58);(394,58)
6;Collision;LEFT player;3;RIGHT player;3;distance 5;(416,71);(421,70)
6;Collision;LEFT player;2;RIGHT player;3;distance 10;(405,46);(415,46)
6;Collision;LEFT player;3;RIGHT player;5;distance 12;(415,74);(424,66)
6;Collision;LEFT player;2;RIGHT player;3;distance 9;(424,41);(433,38)
6;Collision;LEFT player;3;RIGHT player;5;distance 5;(423,70);(421,65)
6;Collision;LEFT player;2;RIGHT player;3;distance 9;(443,36);(452,34)
6;Collision;LEFT player;3;RIGHT player;5;distance 9;(434,64);(432,55)
6;Collision;LEFT player;2;RIGHT player;3;distance 9;(462,31);(471,29)
6;Collision;LEFT player;3;RIGHT player;5;distance 9;(447,56);(448,47)
7;Collision;LEFT player;2;RIGHT player;3;distance 9;(481,27);(490,24)
7;Collision;LEFT player;3;RIGHT player;5;distance 11;(461,49);(465,39)
7;Collision;LEFT player;2;RIGHT player;3;distance 9;(500,22);(509,20)
7;Collision;LEFT player;3;RIGHT player;5;distance 10;(478,41);(482,32)
7;Collision;LEFT player;2;RIGHT player;3;distance 9;(519,17);(528,15)
7;Collision;LEFT player;3;RIGHT player;5;distance 9;(495,34);(500,26)
7;Collision;LEFT player;2;RIGHT player;3;distance 9;(538,12);(547,10)
7;Collision;LEFT player;3;RIGHT player;5;distance 9;(513,27);(519,20)
7;Player speed exceeded;33;LEFT player;3;from (513,27) to (545,20)
7;Player speed exceeded;33;RIGHT player;5;from (519,20) to (551,11)
7;Collision;LEFT player;2;RIGHT player;3;distance 8;(517,27);(525,25)
7;Collision;LEFT player;3;RIGHT player;5;distance 11;(545,20);(551,11)
7;Collision;LEFT player;3;RIGHT player;5;distance 10;(564,19);(570,11)
7;Collision;LEFT player;2;RIGHT player;3;distance 12;(538,32);(550,32)
7;Collision;LEFT player;3;RIGHT player;5;distance 8;(583,19);(589,13)
7;Collision;LEFT player;2;RIGHT player;3;distance 10;(556,31);(561,22)
7;Collision;LEFT player;3;RIGHT player;5;distance 7;(602,20);(608,16)
7;Collision;LEFT player;2;RIGHT player;3;distance 12;(574,30);(577,18)
7;Collision;LEFT player;3;RIGHT player;5;distance 9;(621,25);(628,19)
7;Collision;LEFT player;2;RIGHT player;3;distance 7;(592,30);(594,23)
7;Collision;LEFT player;3;RIGHT player;5;distance 11;(621,25);(631,21)
7;Collision;LEFT player;2;RIGHT player;3;distance 9;(595,11);(604,10)
7;Collision;LEFT player;3;RIGHT player;5;distance 9;(624,7);(633,7)
7;Player speed exceeded;33;LEFT player;3;from (624,7) to (595,22)
7;Player speed exceeded;31;RIGHT player;3;from (604,10) to (577,25)
7;Collision;LEFT player;2;RIGHT player;2;distance 7;(569,26);(566,20)
7;Collision;LEFT player;2;RIGHT player;3;distance 8;(569,26);(577,25)
7;Collision;RIGHT player;2;RIGHT player;3;distance 12;(566,20);(577,25)
7;Player speed exceeded;31;LEFT player;3;from (602,7) to (575,22)
7;Collision;LEFT player;3;RIGHT player;2;distance 13;(575,22);(562,22)
7;Collision;LEFT player;2;RIGHT player;2;distance 9;(545,22);(545,13)
7;Collision;LEFT player;2;RIGHT player;3;distance 12;(545,22);(557,24)
7;Collision;LEFT player;2;LEFT player;3;distance 11;(543,15);(548,25)
7;Player speed exceeded;33;LEFT player;2;from (543,15) to (576,17)
7;Collision;RIGHT player;2;RIGHT player;3;distance 6;(543,28);(542,22)
7;Collision;LEFT player;2;RIGHT player;2;distance 4;(559,10);(561,13)
7;Collision;LEFT player;3;RIGHT player;3;distance 5;(557,39);(557,44)
7;Collision;LEFT player;2;RIGHT player;2;distance 4;(536,25);(538,28)
7;Collision;LEFT player;3;RIGHT player;3;distance 9;(564,34);(557,39)
7;Collision;LEFT player;3;RIGHT player;4;distance 9;(564,34);(573,33)
7;Collision;LEFT player;2;RIGHT player;2;distance 4;(518,18);(521,20)
7;Collision;LEFT player;3;RIGHT player;3;distance 7;(546,27);(543,33)
7;Collision;LEFT player;2;RIGHT player;2;distance 4;(499,12);(503,14)
7;Collision;LEFT player;3;RIGHT player;3;distance 7;(527,21);(529,28)
8;Collision;LEFT player;3;RIGHT player;3;distance 5;(510,18);(511,23)
8;Collision;LEFT player;2;RIGHT player;2;distance 8;(463,22);(469,27)
8;Collision;LEFT player;3;RIGHT player;3;distance 5;(492,17);(494,22)
8;Collision;LEFT player;2;RIGHT player;2;distance 7;(444,21);(450,25)
8;Collision;LEFT player;3;RIGHT player;3;distance 8;(473,17);(479,22)
8;Collision;LEFT player;2;RIGHT player;2;distance 7;(425,21);(431,25)
8;Collision;LEFT player;3;RIGHT player;3;distance 7;(454,18);(460,22)
8;Collision;LEFT player;2;RIGHT player;2;distance 6;(406,23);(412,25)
8;Collision;LEFT player;3;RIGHT player;3;distance 7;(435,20);(441,23)
8;Collision;LEFT player;2;RIGHT player;2;distance 6;(387,25);(393,26)
8;Collision;LEFT player;3;RIGHT player;3;distance 6;(416,22);(422,24)
8;Collision;LEFT player;2;RIGHT player;2;distance 6;(368,28);(374,28)
8;Collision;LEFT player;3;RIGHT player;3;distance 6;(397,24);(403,26)
8;Collision;LEFT player;2;RIGHT player;2;distance 6;(349,31);(355,31)
8;Collision;LEFT player;3;RIGHT player;3;distance 6;(378,27);(384,28)
8;Collision;LEFT player;2;RIGHT player;2;distance 6;(330,35);(336,34)
8;Collision;LEFT player;3;RIGHT player;3;distance 6;(359,30);(365,31)
8;Collision;LEFT player;2;RIGHT player;2;distance 6;(311,39);(317,37)
8;Collision;LEFT player;3;RIGHT player;3;distance 6;(340,33);(346,34)
8;Collision;LEFT player;2;RIGHT player;2;distance 6;(292,42);(298,41)
8;Collision;LEFT player;3;RIGHT player;3;distance 6;(321,37);(327,37)
8;Collision;LEFT player;2;RIGHT player;2;distance 6;(273,46);(279,45)
8;Collision;LEFT player;3;RIGHT player;3;distance 6;(302,41);(308,40)
8;Collision;LEFT player;2;RIGHT player;2;distance 6;(254,50);(260,49)
8;Collision;LEFT player;3;RIGHT player;3;distance 6;(283,45);(289,44)
8;Collision;LEFT player;2;RIGHT player;2;distance 6;(235,54);(241,53)
8;Collision;LEFT player;3;RIGHT player;3;distance 6;(264,48);(270,47)
8;Collision;LEFT player;2;RIGHT player;2;distance 13;(235,55);(222,57)
8;Collision;LEFT player;3;RIGHT player;3;distance 13;(263,47);(251,51)
8;Collision;LEFT player;2;RIGHT player;2;distance 13;(235,55);(222,56)
8;Collision;LEFT player;3;RIGHT player;3;distance 13;(263,46);(251,51)
8;Collision;LEFT player;3;RIGHT player;3;distance 7;(263,46);(270,46)
8;Collision;LEFT player;2;RIGHT player;2;distance 10;(240,59);(241,49)
8;Collision;LEFT player;3;RIGHT player;3;distance 6;(282,41);(288,40)
8;Collision;LEFT player;2;RIGHT player;2;distance 9;(256,54);(259,45)
8;Collision;LEFT player;3;RIGHT player;3;distance 6;(301,36);(307,35)
8;Collision;LEFT player;2;RIGHT player;2;distance 9;(274,48);(278,40)
8;Collision;LEFT player;3;RIGHT player;3;distance 5;(320,31);(325,29)
8;Collision;LEFT player;2;RIGHT player;2;distance 8;(292,42);(296,35)
8;Collision;LEFT player;3;RIGHT player;3;distance 6;(338,25);(344,23)
9;Collision;LEFT player;2;RIGHT player;2;distance 8;(310,36);(315,30)
9;Collision;LEFT player;3;RIGHT player;3;distance 6;(356,19);(362,17)
9;Collision;LEFT player;2;RIGHT player;2;distance 7;(329,31);(334,26)
9;Collision;LEFT player;3;RIGHT player;3;distance 6;(375,16);(381,14)
9;Collision;LEFT player;2;RIGHT player;2;distance 7;(348,29);(353,24)
9;Collision;LEFT player;3;RIGHT player;3;distance 6;(394,16);(400,14)
9;Collision;LEFT player;2;RIGHT player;2;distance 6;(367,28);(372,24)
9;Collision;LEFT player;3;RIGHT player;3;distance 6;(413,17);(419,16)
9;Collision;LEFT player;2;RIGHT player;2;distance 6;(386,28);(391,24)
9;Collision;LEFT player;3;RIGHT player;3;distance 6;(432,20);(438,19)
9;Collision;LEFT player;2;RIGHT player;2;distance 6;(404,29);(409,25)
9;Collision;LEFT player;3;RIGHT player;3;distance 5;(451,24);(456,23)
9;Collision;LEFT player;2;RIGHT player;2;distance 6;(422,30);(427,27)
9;Collision;LEFT player;3;RIGHT player;3;distance 2;(470,28);(472,28)
9;Collision;LEFT player;2;RIGHT player;2;distance 3;(441,32);(443,30)
9;Collision;LEFT player;3;RIGHT player;3;distance 2;(489,32);(491,33)
9;Collision;LEFT player;2;RIGHT player;2;distance 2;(460,35);(461,33)
9;Collision;LEFT player;3;RIGHT player;3;distance 2;(508,37);(510,38)
9;Collision;LEFT player;2;RIGHT player;2;distance 2;(479,38);(480,36)
9;Collision;LEFT player;3;RIGHT player;3;distance 2;(527,42);(529,43)
9;Collision;LEFT player;2;RIGHT player;2;distance 1;(498,41);(499,40)
9;Collision;LEFT player;3;RIGHT player;3;distance 2;(546,47);(548,48)
9;Collision;LEFT player;2;RIGHT player;2;distance 1;(517,45);(518,44)
9;Collision;LEFT player;3;RIGHT player;3;distance 4;(565,52);(561,52)
9;Collision;LEFT player;2;RIGHT player;2;distance 4;(536,49);(532,48)
9;Collision;LEFT player;2;RIGHT player;2;distance 9;(555,54);(547,50)
9;Collision;LEFT player;3;RIGHT player;3;distance 9;(584,58);(575,60)
9;Collision;LEFT player;2;RIGHT player;2;distance 4;(562,38);(559,35)
9;Collision;LEFT player;3;RIGHT player;5;distance 9;(596,43);(605,42)
9;Collision;LEFT player;2;RIGHT player;2;distance 13;(562,38);(552,30)
9;Collision;LEFT player;2;RIGHT player;2;distance 5;(545,30);(550,30)
9;Collision;LEFT player;3;RIGHT player;3;distance 10;(574,33);(579,24)
9;Collision;LEFT player;2;RIGHT player;2;distance 5;(526,26);(531,27)
9;Collision;LEFT player;3;RIGHT player;3;distance 8;(555,30);(560,24)
9;Collision;LEFT player;2;RIGHT player;2;distance 5;(507,23);(512,24)
9;Collision;LEFT player;3;RIGHT player;3;distance 6;(536,27);(541,23)
9;Collision;LEFT player;2;RIGHT player;2;distance 5;(488,20);(493,21)
9;Collision;LEFT player;3;RIGHT player;3;distance 7;(517,24);(523,21)
9;Collision;LEFT player;2;RIGHT player;2;distance 5;(469,17);(474,18)
9;Collision;LEFT player;3;RIGHT player;3;distance 6;(498,21);(504,19)
10;Collision;LEFT player;2;RIGHT player;2;distance 5;(450,14);(455,15)
10;Collision;LEFT player;3;RIGHT player;3;distance 6;(479,18);(485,17)
10;Collision;LEFT player;2;RIGHT player;2;distance 5;(431,11);(436,12)
10;Collision;LEFT player;3;RIGHT player;3;distance 6;(460,15);(466,15)
10;Collision;LEFT player;2;RIGHT player;2;distance 5;(421,26);(426,27)
10;Collision;LEFT player;3;RIGHT player;3;distance 5;(446,11);(451,12)
10;Collision;LEFT player;2;RIGHT player;2;distance 5;(402,23);(407,24)
10;Collision;LEFT player;3;RIGHT player;3;distance 4;(435,26);(439,27)
10;Collision;LEFT player;2;RIGHT player;2;distance 5;(383,22);(388,23)
10;Collision;LEFT player;3;RIGHT player;3;distance 4;(416,25);(420,23)
10;Collision;LEFT player;2;RIGHT player;2;distance 5;(364,22);(369,22)
10;Collision;LEFT player;3;RIGHT player;3;distance 4;(397,24);(401,23)
10;Collision;LEFT player;2;RIGHT player;2;distance 5;(345,22);(350,22)
10;Collision;LEFT player;3;RIGHT player;3;distance 4;(378,24);(382,23)
10;Collision;LEFT player;2;RIGHT player;2;distance 5;(326,22);(331,22)
10;Collision;LEFT player;3;RIGHT player;3;distance 5;(358,24);(363,23)
10;Collision;LEFT player;2;RIGHT player;2;distance 5;(307,23);(312,23)
10;Collision;LEFT player;3;RIGHT player;3;distance 5;(339,24);(344,23)
10;Collision;LEFT player;2;RIGHT player;2;distance 5;(288,24);(293,24)
10;Collision;LEFT player;3;RIGHT player;3;distance 5;(320,25);(325,24)
10;Collision;LEFT player;2;RIGHT player;2;distance 5;(269,26);(274,25)
10;Collision;LEFT player;3;RIGHT player;3;distance 5;(301,26);(306,25)
10;Collision;LEFT player;2;RIGHT player;2;distance 5;(250,28);(255,27)
10;Collision;LEFT player;3;RIGHT player;3;distance 5;(282,27);(287,26)
10;Collision;LEFT player;2;RIGHT player;2;distance 5;(231,30);(236,29)
10;Collision;LEFT player;3;RIGHT player;3;distance 5;(263,28);(268,27)
10;Collision;LEFT player;2;RIGHT player;2;distance 10;(225,23);(217,29)
10;Collision;LEFT player;3;RIGHT player;3;distance 6;(253,31);(249,27)
10;Collision;LEFT player;3;RIGHT player;3;distance 9;(246,35);(249,27)
10;Player speed exceeded;43;LEFT player;3;from (246,35) to (214,7)
10;Collision;LEFT player;2;RIGHT player;3;distance 4;(242,24);(241,20)
10;Collision;LEFT player;3;RIGHT player;2;distance 1;(214,7);(215,7)
10;Player speed exceeded;34;RIGHT player;3;from (241,20) to (210,7)
10;Collision;LEFT player;3;RIGHT player;2;distance 1;(225,22);(226,22)
10;Collision;LEFT player;3;RIGHT player;3;distance 5;(224,26);(221,22)
10;Collision;LEFT player;3;RIGHT player;3;distance 9;(205,29);(210,21)
10;Collision;LEFT player;3;RIGHT player;3;distance 11;(190,39);(193,28)
10;Collision;LEFT player;5;RIGHT player;2;distance 11;(144,40);(149,50)
11;Collision;LEFT player;5;RIGHT player;2;distance 8;(129,52);(132,59)
11;Collision;LEFT player;5;RIGHT player;2;distance 6;(113,63);(115,69)
11;Collision;LEFT player;5;RIGHT player;2;distance 5;(97,74);(98,79)
11;Collision;LEFT player;5;RIGHT player;2;distance 4;(81,85);(82,89)
11;Collision;LEFT player;5;RIGHT player;2;distance 4;(65,96);(66,100)
11;Collision;LEFT player;2;RIGHT player;2;distance 5;(78,122);(76,127)
11;Collision;LEFT player;3;RIGHT player;3;distance 9;(94,97);(85,99)
11;Collision;LEFT player;2;RIGHT player;2;distance 1;(97,126);(96,126)
11;Collision;LEFT player;3;RIGHT player;3;distance 11;(112,101);(102,97)
11;Collision;LEFT player;2;RIGHT player;2;distance 7;(117,130);(115,123)
11;Collision;LEFT player;3;RIGHT player;3;distance 13;(285,105);(282,92)
11;Collision;LEFT player;3;RIGHT player;3;distance 12;(304,103);(302,91)
11;Collision;LEFT player;3;RIGHT player;3;distance 11;(323,101);(322,90)
11;Collision;LEFT player;3;RIGHT player;3;distance 11;(342,100);(342,89)
11;Collision;LEFT player;3;RIGHT player;3;distance 11;(361,99);(362,88)
12;Collision;LEFT player;3;RIGHT player;3;distance 10;(380,97);(382,87)
12;Collision;LEFT player;3;RIGHT player;3;distance 10;(399,96);(402,86)
12;Collision;LEFT player;3;RIGHT player;3;distance 10;(418,94);(422,85)
12;Collision;LEFT player;3;RIGHT player;5;distance 12;(437,93);(448,98)
12;Collision;LEFT player;2;RIGHT player;2;distance 11;(408,100);(419,103)
12;Collision;LEFT player;3;RIGHT player;3;distance 13;(427,78);(415,74)
12;Collision;LEFT player;2;RIGHT player;2;distance 13;(394,86);(399,98)
12;Collision;LEFT player;3;RIGHT player;5;distance 8;(421,75);(424,82)
12;Collision;LEFT player;2;RIGHT player;2;distance 12;(375,82);(379,93)
12;Collision;LEFT player;3;RIGHT player;5;distance 4;(404,76);(406,80)
12;Collision;LEFT player;2;RIGHT player;2;distance 9;(356,79);(359,88)
12;Collision;LEFT player;3;RIGHT player;5;distance 2;(385,76);(387,77)
12;Collision;LEFT player;2;RIGHT player;2;distance 9;(337,76);(340,84)
12;Collision;LEFT player;2;RIGHT player;2;distance 8;(318,73);(321,80)
12;Collision;LEFT player;2;RIGHT player;2;distance 6;(299,70);(301,76)
12;Collision;LEFT player;2;RIGHT player;2;distance 5;(280,67);(281,72)
12;Collision;LEFT player;2;RIGHT player;2;distance 5;(261,64);(262,69)
12;Collision;LEFT player;2;RIGHT player;2;distance 5;(242,61);(243,66)
12;Collision;LEFT player;2;RIGHT player;2;distance 7;(223,58);(223,65)
12;Collision;LEFT player;2;RIGHT player;2;distance 13;(213,55);(203,64)
12;Collision;LEFT player;5;RIGHT player;3;distance 13;(128,45);(134,33)
12;Collision;LEFT player;3;RIGHT player;2;distance 13;(171,51);(158,51)
12;Collision;LEFT player;2;RIGHT player;3;distance 13;(134,17);(121,19)
12;Collision;LEFT player;3;RIGHT player;2;distance 12;(156,36);(160,47)
13;Collision;LEFT player;2;RIGHT player;3;distance 11;(116,10);(105,8)
13;Collision;LEFT player;3;RIGHT player;2;distance 10;(141,27);(145,36)
13;Collision;LEFT player;2;RIGHT player;2;distance 11;(137,25);(127,29)
13;Collision;LEFT player;2;RIGHT player;3;distance 10;(137,25);(127,23)
13;Collision;RIGHT player;2;RIGHT player;3;distance 6;(127,29);(127,23)
13;Collision;LEFT player;2;RIGHT player;3;distance 12;(115,22);(121,12)
13;Collision;LEFT player;3;RIGHT player;3;distance 11;(92,34);(103,35)
13;Collision;LEFT player;3;RIGHT player;3;distance 8;(78,43);(86,44)
13;Collision;LEFT player;4;RIGHT player;2;distance 11;(41,72);(34,63)
13;Collision;LEFT player;3;RIGHT player;3;distance 4;(70,61);(73,58)
13;Collision;LEFT player;4;RIGHT player;2;distance 10;(45,91);(42,81)
13;Collision;LEFT player;3;RIGHT player;3;distance 8;(71,78);(73,70)
13;Collision;LEFT player;4;RIGHT player;2;distance 13;(61,106);(56,94)
13;Collision;LEFT player;4;RIGHT player;2;distance 9;(95,129);(104,127)
13;Collision;LEFT player;5;RIGHT player;3;distance 13;(79,105);(91,101)
13;Collision;LEFT player;3;RIGHT player;2;distance 8;(129,122);(123,128)
13;Collision;LEFT player;5;RIGHT player;3;distance 7;(96,106);(103,107)
13;Collision;LEFT player;3;RIGHT player;2;distance 6;(148,125);(143,128)
13;Collision;LEFT player;5;RIGHT player;3;distance 9;(114,104);(119,112)
13;Collision;LEFT player;3;RIGHT player;2;distance 6;(167,125);(162,128)
13;Collision;LEFT player;5;RIGHT player;3;distance 13;(131,103);(136,115)
13;Collision;LEFT player;3;RIGHT player;2;distance 6;(186,125);(181,128)
13;Collision;LEFT player;3;RIGHT player;2;distance 7;(206,125);(200,128)
13;Collision;LEFT player;4;RIGHT player;3;distance 13;(176,130);(172,118)
13;Collision;LEFT player;3;RIGHT player;2;distance 6;(225,125);(219,127)
13;Collision;LEFT player;4;RIGHT player;3;distance 11;(195,129);(191,119)
13;Collision;LEFT player;3;RIGHT player;2;distance 6;(244,125);(238,126)
13;Collision;LEFT player;4;RIGHT player;3;distance 11;(214,129);(209,119)
13;Collision;LEFT player;3;RIGHT player;2;distance 6;(263,125);(257,125)
13;Collision;LEFT player;4;RIGHT player;3;distance 12;(233,130);(228,119)
13;Collision;LEFT player;3;RIGHT player;2;distance 6;(282,124);(276,124)
14;Collision;LEFT player;3;RIGHT player;2;distance 6;(301,123);(295,123)
14;Collision;LEFT player;3;RIGHT player;2;distance 6;(320,122);(314,122)
14;Collision;LEFT player;3;RIGHT player;2;distance 6;(339,121);(333,121)
14;Collision;LEFT player;3;RIGHT player;2;distance 6;(358,120);(352,120)
14;Collision;LEFT player;3;RIGHT player;2;distance 6;(377,119);(371,119)
14;Collision;LEFT player;3;RIGHT player;2;distance 6;(396,118);(390,118)
14;Collision;LEFT player;3;RIGHT player;2;distance 6;(415,117);(409,118)
14;Collision;LEFT player;2;RIGHT player;3;distance 13;(386,110);(390,122)
14;Collision;LEFT player;3;RIGHT player;2;distance 13;(415,117);(413,104)
14;Collision;LEFT player;3;RIGHT player;5;distance 6;(433,111);(437,107)
14;Collision;LEFT player;2;RIGHT player;3;distance 11;(424,96);(417,105)
14;Collision;LEFT player;3;RIGHT player;5;distance 13;(471,100);(462,110)
14;Collision;LEFT player;2;RIGHT player;3;distance 11;(442,94);(434,102)
14;Collision;LEFT player;2;RIGHT player;3;distance 13;(461,91);(450,97)
14;Collision;LEFT player;3;RIGHT player;2;distance 13;(528,85);(536,75)
14;Collision;LEFT player;3;RIGHT player;2;distance 13;(547,80);(555,70)
14;Collision;LEFT player;2;RIGHT player;5;distance 13;(588,53);(601,56)
14;Collision;LEFT player;3;RIGHT player;2;distance 5;(609,32);(614,32)
15;Collision;LEFT player;3;RIGHT player;4;distance 12;(606,22);(613,32)
15;Collision;LEFT player;2;RIGHT player;2;distance 11;(578,14);(587,7)
15;Player speed exceeded;31;LEFT player;3;from (605,7) to (578,22)
15;Collision;LEFT player;2;LEFT player;3;distance 5;(577,17);(578,22)
15;Collision;LEFT player;2;RIGHT player;3;distance 5;(577,17);(582,17)
15;Collision;LEFT player;3;RIGHT player;3;distance 6;(578,22);(582,17)
15;Player speed exceeded;31;LEFT player;2;from (577,17) to (607,25)
15;Collision;LEFT player;2;RIGHT player;5;distance 11;(607,25);(605,36)
15;Collision;LEFT player;3;RIGHT player;3;distance 1;(578,27);(577,28)
15;Player speed exceeded;32;RIGHT player;2;from (575,46) to (605,36)
15;Player speed exceeded;40;RIGHT player;5;from (605,36) to (578,7)
15;Collision;LEFT player;2;RIGHT player;2;distance 11;(607,25);(605,36)
15;Collision;LEFT player;3;RIGHT player;3;distance 1;(578,27);(577,28)
15;Collision;LEFT player;2;RIGHT player;4;distance 1;(605,16);(606,17)
15;Collision;LEFT player;3;RIGHT player;3;distance 7;(560,19);(554,23)
15;Collision;LEFT player;3;RIGHT player;3;distance 4;(541,14);(537,14)
15;Collision;LEFT player;3;RIGHT player;3;distance 4;(522,10);(518,9)
15;Collision;LEFT player;2;RIGHT player;2;distance 9;(546,28);(546,37)
15;Collision;LEFT player;3;RIGHT player;3;distance 4;(503,25);(499,24)
15;Collision;LEFT player;3;RIGHT player;3;distance 4;(484,21);(480,20)
15;Collision;LEFT player;3;RIGHT player;3;distance 5;(465,21);(460,20)
15;Collision;LEFT player;3;RIGHT player;3;distance 5;(446,22);(441,22)
15;Collision;LEFT player;3;RIGHT player;3;distance 5;(427,25);(422,25)
15;Collision;LEFT player;3;RIGHT player;3;distance 5;(408,28);(403,29)
15;Collision;LEFT player;3;RIGHT player;3;distance 5;(389,32);(384,33)
15;Collision;LEFT player;2;RIGHT player;5;distance 12;(419,32);(431,33)
15;Collision;LEFT player;3;RIGHT player;3;distance 5;(370,36);(365,37)
15;Collision;LEFT player;3;RIGHT player;3;distance 5;(351,40);(346,42)
15;Collision;LEFT player;3;RIGHT player;3;distance 5;(332,45);(327,46)
15;Collision;LEFT player;3;RIGHT player;3;distance 5;(313,50);(308,51)
15;Collision;LEFT player;2;RIGHT player;2;distance 13;(343,46);(337,57)
15;Collision;LEFT player;3;RIGHT player;3;distance 5;(294,55);(289,56)
15;Collision;LEFT player;2;RIGHT player;2;distance 11;(324,50);(318,59)
15;Collision;LEFT player;3;RIGHT player;3;distance 5;(275,59);(270,60)
16;Collision;LEFT player;2;RIGHT player;2;distance 9;(305,54);(299,61)
16;Collision;LEFT player;3;RIGHT player;3;distance 5;(256,64);(251,65)
16;Collision;LEFT player;2;RIGHT player;2;distance 8;(286,58);(280,64)
16;Collision;LEFT player;3;RIGHT player;3;distance 5;(237,68);(232,70)
16;Collision;LEFT player;2;RIGHT player;2;distance 8;(267,62);(261,67)
16;Collision;LEFT player;5;RIGHT player;3;distance 6;(208,72);(213,75)
16;Collision;LEFT player;3;RIGHT player;2;distance 6;(237,74);(242,70)
16;Collision;LEFT player;5;RIGHT player;3;distance 8;(208,69);(213,75)
16;Collision;LEFT player;2;RIGHT player;2;distance 9;(263,60);(261,69)
16;Collision;LEFT player;5;RIGHT player;3;distance 10;(224,67);(232,73)
16;Collision;LEFT player;2;RIGHT player;2;distance 5;(282,61);(280,66)
16;Collision;LEFT player;2;RIGHT player;2;distance 4;(301,59);(299,62)
16;Collision;LEFT player;3;RIGHT player;3;distance 11;(277,75);(270,67)
16;Collision;LEFT player;2;RIGHT player;2;distance 3;(320,56);(318,58)
16;Collision;LEFT player;3;RIGHT player;3;distance 8;(294,69);(289,63)
16;Collision;LEFT player;2;RIGHT player;2;distance 3;(339,52);(337,54)
16;Collision;LEFT player;3;RIGHT player;3;distance 6;(312,64);(308,59)
16;Collision;LEFT player;2;RIGHT player;2;distance 2;(358,49);(356,50)
16;Collision;LEFT player;3;RIGHT player;3;distance 5;(330,59);(327,55)
16;Collision;LEFT player;2;RIGHT player;2;distance 2;(377,45);(375,46)
16;Collision;LEFT player;3;RIGHT player;3;distance 5;(349,55);(346,51)
16;Collision;LEFT player;2;RIGHT player;2;distance 2;(396,41);(394,42)
16;Collision;LEFT player;3;RIGHT player;3;distance 5;(368,51);(365,47)
16;Collision;LEFT player;2;RIGHT player;2;distance 2;(415,37);(413,38)
16;Collision;LEFT player;3;RIGHT player;3;distance 4;(387,46);(384,43)
16;Collision;LEFT player;2;RIGHT player;2;distance 2;(434,33);(432,34)
16;Collision;LEFT player;3;RIGHT player;3;distance 4;(406,42);(403,39)
16;Collision;LEFT player;2;RIGHT player;2;distance 2;(453,29);(451,30)
16;Collision;LEFT player;3;RIGHT player;3;distance 4;(425,38);(422,35)
16;Collision;LEFT player;2;RIGHT player;2;distance 2;(472,25);(470,26)
16;Collision;LEFT player;3;RIGHT player;3;distance 4;(444,34);(441,31)
16;Collision;LEFT player;2;RIGHT player;2;distance 2;(491,21);(489,22)
16;Collision;LEFT player;3;RIGHT player;3;distance 4;(463,30);(460,27)
16;Collision;LEFT player;2;RIGHT player;2;distance 2;(510,17);(508,18)
16;Collision;LEFT player;3;RIGHT player;3;distance 4;(482,26);(479,23)
16;Collision;LEFT player;2;RIGHT player;2;distance 2;(529,13);(527,12)
16;Collision;LEFT player;3;RIGHT player;3;distance 4;(501,22);(498,19)
16;Player speed exceeded;34;LEFT player;3;from (501,22) to (533,11)
16;Player speed exceeded;32;RIGHT player;3;from (498,19) to (528,7)
16;Collision;LEFT player;2;RIGHT player;2;distance 2;(509,28);(507,27)
16;Collision;LEFT player;3;RIGHT player;3;distance 6;(533,11);(528,7)
16;Collision;LEFT player;2;RIGHT player;2;distance 4;(523,39);(525,36)
16;Collision;LEFT player;3;RIGHT player;3;distance 6;(513,26);(508,22)
17;Collision;LEFT player;2;RIGHT player;2;distance 4;(542,35);(544,32)
17;Collision;LEFT player;3;RIGHT player;3;distance 4;(522,13);(519,16)
17;Collision;LEFT player;2;RIGHT player;2;distance 4;(559,26);(562,24)
17;Collision;LEFT player;2;RIGHT player;2;distance 9;(565,8);(556,7)
17;Collision;LEFT player;3;RIGHT player;3;distance 9;(521,21);(515,28)
17;Collision;LEFT player;2;RIGHT player;2;distance 8;(542,23);(534,22)
17;Collision;LEFT player;3;RIGHT player;3;distance 13;(531,7);(518,7)
17;Collision;LEFT player;2;LEFT player;3;distance 9;(514,31);(511,22)
17;Collision;LEFT player;2;RIGHT player;2;distance 6;(514,31);(511,36)
17;Collision;LEFT player;3;RIGHT player;3;distance 12;(511,22);(499,22)
17;Player speed exceeded;33;LEFT player;2;from (514,31) to (482,23)
17;Player speed exceeded;36;RIGHT player;2;from (511,36) to (475,38)
17;Collision;LEFT player;3;RIGHT player;3;distance 13;(511,18);(499,22)
17;Collision;LEFT player;2;RIGHT player;2;distance 6;(464,15);(466,21)
17;Collision;LEFT player;3;RIGHT player;3;distance 3;(493,17);(495,15)
17;Collision;LEFT player;2;RIGHT player;2;distance 4;(445,11);(448,14)
17;Collision;LEFT player;3;RIGHT player;3;distance 3;(474,14);(477,13)
17;Collision;LEFT player;2;RIGHT player;2;distance 5;(416,20);(419,24)
17;Collision;LEFT player;3;RIGHT player;3;distance 4;(445,24);(449,24)
17;Collision;LEFT player;2;RIGHT player;2;distance 4;(397,19);(400,21)
17;Collision;LEFT player;3;RIGHT player;3;distance 4;(426,22);(430,22)
17;Collision;LEFT player;2;RIGHT player;2;distance 4;(377,19);(381,21)
17;Collision;LEFT player;3;RIGHT player;3;distance 4;(407,22);(411,22)
17;Collision;LEFT player;2;RIGHT player;2;distance 4;(358,20);(362,21)
17;Collision;LEFT player;3;RIGHT player;3;distance 4;(388,22);(392,22)
17;Collision;LEFT player;2;RIGHT player;2;distance 4;(339,22);(343,23)
17;Collision;LEFT player;3;RIGHT player;3;distance 4;(369,23);(373,23)
17;Collision;LEFT player;2;RIGHT player;2;distance 4;(320,25);(324,25)
17;Collision;LEFT player;3;RIGHT player;3;distance 4;(350,25);(354,25)
17;Collision;LEFT player;2;RIGHT player;2;distance 4;(301,28);(305,28)
17;Collision;LEFT player;3;RIGHT player;3;distance 4;(331,27);(335,27)
17;Collision;LEFT player;2;RIGHT player;2;distance 4;(282,31);(286,31)
17;Collision;LEFT player;3;RIGHT player;3;distance 4;(312,29);(316,29)
17;Collision;LEFT player;2;RIGHT player;2;distance 4;(263,34);(267,34)
17;Collision;LEFT player;3;RIGHT player;3;distance 4;(293,32);(297,32)
17;Collision;LEFT player;2;RIGHT player;2;distance 4;(244,38);(248,38)
17;Collision;LEFT player;3;RIGHT player;3;distance 4;(274,35);(278,35)
17;Collision;LEFT player;2;RIGHT player;2;distance 4;(225,42);(229,42)
17;Collision;LEFT player;3;RIGHT player;3;distance 4;(255,38);(259,38)
17;Collision;LEFT player;2;RIGHT player;2;distance 4;(206,46);(210,45)
17;Collision;LEFT player;3;RIGHT player;3;distance 4;(236,41);(240,41)
18;Collision;LEFT player;2;RIGHT player;2;distance 9;(200,48);(191,49)
18;Collision;LEFT player;3;RIGHT player;3;distance 8;(229,42);(221,44)
18;Collision;LEFT player;2;RIGHT player;2;distance 8;(200,47);(192,49)
18;Collision;LEFT player;3;RIGHT player;3;distance 8;(229,42);(221,44)
18;Collision;LEFT player;2;RIGHT player;2;distance 1;(189,30);(190,30)
18;Collision;LEFT player;3;RIGHT player;3;distance 7;(217,40);(214,46)
18;Collision;LEFT player;2;RIGHT player;2;distance 1;(170,25);(171,26)
18;Collision;LEFT player;3;RIGHT player;3;distance 6;(198,33);(197,39)
18;Collision;LEFT player;2;RIGHT player;2;distance 1;(152,19);(153,20)
18;Collision;LEFT player;3;RIGHT player;3;distance 4;(180,28);(180,32)
18;Collision;LEFT player;2;RIGHT player;2;distance 1;(134,13);(135,14)
18;Collision;LEFT player;3;RIGHT player;3;distance 3;(162,22);(162,25)
18;Player speed exceeded;34;LEFT player;3;from (162,22) to (131,8)
18;Collision;LEFT player;2;RIGHT player;3;distance 11;(153,28);(144,21)
18;Player speed exceeded;33;RIGHT player;3;from (144,21) to (112,12)
18;Collision;LEFT player;2;RIGHT player;2;distance 6;(129,39);(123,39)
18;Collision;LEFT player;2;RIGHT player;3;distance 13;(129,39);(133,27)
18;Collision;LEFT player;2;RIGHT player;2;distance 6;(110,38);(104,38)
18;Collision;LEFT player;2;RIGHT player;2;distance 6;(91,38);(85,38)
18;Collision;LEFT player;2;RIGHT player;2;distance 6;(72,40);(66,40)
18;Collision;LEFT player;2;RIGHT player;2;distance 7;(55,46);(48,47)
18;Collision;LEFT player;2;RIGHT player;3;distance 10;(54,50);(61,43)
18;Collision;LEFT player;2;RIGHT player;2;distance 9;(64,64);(61,73)
18;Collision;LEFT player;2;RIGHT player;2;distance 9;(64,64);(61,73)
18;Collision;LEFT player;2;RIGHT player;2;distance 5;(41,34);(40,39)
18;Collision;LEFT player;2;RIGHT player;2;distance 3;(27,21);(28,24)
18;Collision;LEFT player;3;RIGHT player;3;distance 13;(52,36);(58,24)
18;Collision;LEFT player;2;RIGHT player;2;distance 3;(11,10);(13,12)
18;Collision;LEFT player;3;RIGHT player;3;distance 9;(37,25);(42,18)
18;Player speed exceeded;34;LEFT player;2;from (11,10) to (42,25)
18;Player speed exceeded;34;RIGHT player;2;from (13,12) to (44,27)
18;Collision;LEFT player;2;RIGHT player;2;distance 3;(42,25);(44,27)
18;Collision;LEFT player;3;RIGHT player;3;distance 10;(13,12);(15,22)
19;Player speed exceeded;34;LEFT player;3;from (13,12) to (44,27)
19;Collision;LEFT player;2;LEFT player;3;distance 10;(34,28);(44,27)
19;Collision;LEFT player;5;RIGHT player;3;distance 3;(8,37);(7,34)
19;Player speed exceeded;35;RIGHT player;3;from (7,34) to (39,47)
19;Collision;LEFT player;2;RIGHT player;3;distance 11;(50,46);(39,47)
19;Collision;LEFT player;4;RIGHT player;2;distance 11;(40,74);(40,63)
19;Collision;LEFT player;4;RIGHT player;2;distance 10;(58,86);(54,77)
19;Collision;LEFT player;4;RIGHT player;2;distance 10;(58,86);(67,91)
19;Collision;LEFT player;2;RIGHT player;2;distance 13;(88,78);(87,91)
19;Collision;LEFT player;2;RIGHT player;2;distance 7;(107,83);(106,90)
19;Collision;LEFT player;3;RIGHT player;3;distance 10;(84,65);(81,75)
19;Collision;LEFT player;2;RIGHT player;2;distance 5;(126,83);(125,88)
19;Collision;LEFT player;3;RIGHT player;3;distance 7;(100,69);(98,76)
19;Collision;LEFT player;2;RIGHT player;2;distance 3;(145,83);(144,86)
19;Collision;LEFT player;3;RIGHT player;3;distance 5;(118,72);(116,77)
19;Collision;LEFT player;2;RIGHT player;2;distance 2;(164,82);(163,84)
19;Collision;LEFT player;3;RIGHT player;3;distance 4;(136,73);(134,77)
19;Collision;LEFT player;2;RIGHT player;2;distance 1;(183,81);(182,82)
19;Collision;LEFT player;3;RIGHT player;3;distance 4;(155,73);(153,77)
19;Collision;LEFT player;2;RIGHT player;2;distance 1;(202,79);(201,80)
19;Collision;LEFT player;3;RIGHT player;3;distance 4;(173,73);(172,77)
19;Collision;LEFT player;2;RIGHT player;2;distance 1;(221,78);(220,78)
19;Collision;LEFT player;3;RIGHT player;3;distance 4;(192,73);(191,77)
19;Collision;LEFT player;2;RIGHT player;2;distance 1;(240,76);(239,76)
19;Collision;LEFT player;3;RIGHT player;3;distance 4;(211,73);(209,76)
19;Collision;LEFT player;2;RIGHT player;2;distance 1;(259,74);(258,74)
19;Collision;LEFT player;3;RIGHT player;3;distance 3;(230,73);(228,75)
19;Collision;LEFT player;2;RIGHT player;2;distance 1;(278,72);(277,72)
19;Collision;LEFT player;3;RIGHT player;3;distance 2;(248,72);(247,74)
19;Collision;LEFT player;2;RIGHT player;2;distance 1;(297,70);(296,70)
19;Collision;LEFT player;3;RIGHT player;3;distance 2;(267,71);(266,73)
19;Collision;LEFT player;2;RIGHT player;2;distance 1;(316,68);(315,68)
19;Collision;LEFT player;3;RIGHT player;3;distance 1;(286,70);(285,71)
19;Collision;LEFT player;2;RIGHT player;2;distance 1;(335,66);(334,66)
19;Collision;LEFT player;3;RIGHT player;3;distance 1;(305,68);(304,69)
19;Collision;LEFT player;2;RIGHT player;2;distance 1;(354,64);(353,64)
19;Collision;LEFT player;3;RIGHT player;3;distance 1;(324,67);(323,67)
19;Collision;LEFT player;2;RIGHT player;2;distance 1;(373,62);(372,63)
19;Collision;LEFT player;3;RIGHT player;3;distance 1;(343,65);(342,66)
19;Collision;LEFT player;2;RIGHT player;2;distance 1;(392,61);(391,61)
19;Collision;LEFT player;3;RIGHT player;3;distance 1;(362,64);(361,64)
20;Collision;LEFT player;2;RIGHT player;2;distance 1;(411,59);(410,59)
20;Collision;LEFT player;3;RIGHT player;3;distance 1;(381,62);(380,62)
20;Collision;LEFT player;2;RIGHT player;5;distance 9;(430,57);(439,58)
20;Collision;LEFT player;3;RIGHT player;2;distance 11;(400,60);(410,56)
20;Collision;LEFT player;2;RIGHT player;4;distance 13;(426,62);(432,74)
20;Collision;LEFT player;3;RIGHT player;2;distance 7;(404,43);(399,38)
20;Collision;LEFT player;2;RIGHT player;5;distance 6;(434,43);(428,43)
20;Collision;LEFT player;3;RIGHT player;2;distance 5;(411,25);(406,23)
20;Collision;LEFT player;3;RIGHT player;2;distance 7;(392,25);(387,20)
20;Collision;LEFT player;3;RIGHT player;2;distance 5;(373,19);(368,17)
20;Collision;LEFT player;2;RIGHT player;4;distance 13;(396,37);(394,50)
20;Collision;LEFT player;3;RIGHT player;2;distance 5;(354,14);(349,12)
20;Collision;LEFT player;3;RIGHT player;2;distance 8;(335,27);(328,23)
20;Collision;LEFT player;2;RIGHT player;3;distance 12;(365,27);(353,27)
20;Collision;LEFT player;3;RIGHT player;2;distance 8;(316,26);(309,23)
20;Collision;LEFT player;2;RIGHT player;3;distance 12;(346,27);(334,27)
20;Collision;LEFT player;3;RIGHT player;2;distance 7;(297,26);(290,24)
20;Collision;LEFT player;2;RIGHT player;3;distance 12;(327,28);(315,28)
20;Collision;LEFT player;3;RIGHT player;2;distance 7;(278,28);(271,27)
20;Collision;LEFT player;2;RIGHT player;3;distance 12;(308,30);(296,30)
20;Collision;LEFT player;3;RIGHT player;2;distance 7;(259,31);(252,31)
20;Collision;LEFT player;2;RIGHT player;3;distance 12;(289,32);(277,32)
20;Collision;LEFT player;3;RIGHT player;2;distance 7;(240,35);(233,35)
20;Collision;LEFT player;2;RIGHT player;3;distance 12;(270,35);(258,35)
20;Collision;LEFT player;3;RIGHT player;2;distance 7;(221,39);(214,40)
20;Collision;LEFT player;2;RIGHT player;3;distance 12;(251,38);(239,39)
20;Collision;LEFT player;3;RIGHT player;2;distance 7;(202,43);(195,45)
20;Collision;LEFT player;2;RIGHT player;3;distance 12;(232,42);(220,43)
20;Collision;LEFT player;3;RIGHT player;2;distance 7;(183,48);(176,50)
20;Collision;LEFT player;2;RIGHT player;3;distance 12;(213,46);(201,47)
20;Collision;LEFT player;2;RIGHT player;3;distance 2;(184,54);(183,52)
20;Collision;LEFT player;3;RIGHT player;2;distance 4;(157,65);(155,62)
21;Collision;LEFT player;2;RIGHT player;3;distance 13;(170,39);(179,48)
21;Collision;LEFT player;5;RIGHT player;2;distance 10;(140,41);(150,43)
21;Collision;LEFT player;5;RIGHT player;2;distance 6;(179,25);(177,19)
21;Collision;LEFT player;2;RIGHT player;3;distance 13;(230,16);(243,13)
21;Collision;LEFT player;5;RIGHT player;2;distance 2;(194,16);(196,17)
21;Collision;LEFT player;5;RIGHT player;2;distance 8;(209,8);(214,14)
21;Collision;LEFT player;5;RIGHT player;2;distance 2;(229,7);(228,9)
21;Collision;LEFT player;3;RIGHT player;2;distance 12;(248,29);(237,24)
21;Collision;LEFT player;3;RIGHT player;2;distance 10;(265,28);(256,24)
21;Collision;LEFT player;2;RIGHT player;3;distance 13;(313,25);(326,22)
21;Collision;LEFT player;3;RIGHT player;2;distance 10;(284,28);(275,24)
21;Collision;LEFT player;2;RIGHT player;3;distance 13;(332,27);(345,25)
21;Collision;LEFT player;3;RIGHT player;2;distance 10;(303,29);(294,25)
21;Collision;LEFT player;2;RIGHT player;3;distance 13;(351,30);(364,29)
21;Collision;LEFT player;3;RIGHT player;2;distance 9;(321,30);(313,27)
21;Collision;LEFT player;2;RIGHT player;3;distance 13;(370,33);(383,33)
21;Collision;LEFT player;3;RIGHT player;2;distance 9;(340,32);(332,29)
21;Collision;LEFT player;2;RIGHT player;3;distance 13;(389,37);(402,37)
21;Collision;LEFT player;3;RIGHT player;2;distance 9;(359,35);(351,32)
21;Collision;LEFT player;2;RIGHT player;3;distance 13;(408,41);(421,42)
21;Collision;LEFT player;3;RIGHT player;2;distance 9;(378,38);(370,35)
21;Collision;LEFT player;2;RIGHT player;3;distance 3;(427,45);(430,45)
21;Collision;LEFT player;3;RIGHT player;2;distance 9;(397,41);(389,38)
21;Collision;LEFT player;2;RIGHT player;3;distance 4;(426,46);(430,46)
21;Collision;LEFT player;3;RIGHT player;2;distance 4;(398,38);(401,41)
21;Collision;LEFT player;3;RIGHT player;2;distance 3;(379,37);(382,37)
21;Collision;LEFT player;3;RIGHT player;2;distance 3;(360,32);(363,33)
21;Collision;LEFT player;3;RIGHT player;2;distance 3;(341,27);(344,28)
21;Collision;LEFT player;3;RIGHT player;2;distance 3;(322,23);(325,24)
22;Collision;LEFT player;3;RIGHT player;2;distance 3;(303,19);(306,20)
22;Collision;LEFT player;3;RIGHT player;2;distance 3;(284,15);(287,16)
22;Collision;LEFT player;3;RIGHT player;2;distance 3;(265,11);(268,12)
22;Collision;LEFT player;3;RIGHT player;2;distance 2;(271,26);(273,27)
22;Collision;LEFT player;3;RIGHT player;2;distance 2;(252,21);(254,22)
22;Collision;LEFT player;3;RIGHT player;2;distance 2;(233,19);(235,20)
